latitude,longitude,device_timestamp,trip_id,trip_created_at,trip_closed_at,Invoice Number
13.7163,79.64074,04/02/25 16:19,34303961,2025-02-04T12:12:47Z,2025-02-11T06:43:01Z,TN/24-25/0002124
13.7163,79.64074,04/02/25 15:39,34303961,2025-02-04T12:12:47Z,2025-02-11T06:43:01Z,TN/24-25/0002124
13.7163,79.64074,04/02/25 15:49,34303961,2025-02-04T12:12:47Z,2025-02-11T06:43:01Z,TN/24-25/0002124
13.7163,79.64074,04/02/25 16:09,34303961,2025-02-04T12:12:47Z,2025-02-11T06:43:01Z,TN/24-25/0002124
13.7163,79.64074,04/02/25 16:29,34303961,2025-02-04T12:12:47Z,2025-02-11T06:43:01Z,TN/24-25/0002124
13.7163,79.64074,04/02/25 15:59,34303961,2025-02-04T12:12:47Z,2025-02-11T06:43:01Z,TN/24-25/0002124
13.7163,79.64074,04/02/25 17:29,34303961,2025-02-04T12:12:47Z,2025-02-11T06:43:01Z,TN/24-25/0002124
13.7163,79.64074,04/02/25 17:09,34303961,2025-02-04T12:12:47Z,2025-02-11T06:43:01Z,TN/24-25/0002124
13.7163,79.64074,04/02/25 16:49,34303961,2025-02-04T12:12:47Z,2025-02-11T06:43:01Z,TN/24-25/0002124
13.7163,79.64074,04/02/25 17:19,34303961,2025-02-04T12:12:47Z,2025-02-11T06:43:01Z,TN/24-25/0002124
13.7163,79.64074,04/02/25 16:39,34303961,2025-02-04T12:12:47Z,2025-02-11T06:43:01Z,TN/24-25/0002124
13.7163,79.64074,04/02/25 16:59,34303961,2025-02-04T12:12:47Z,2025-02-11T06:43:01Z,TN/24-25/0002124
13.7163,79.64074,04/02/25 17:39,34303961,2025-02-04T12:12:47Z,2025-02-11T06:43:01Z,TN/24-25/0002124
13.71582,79.64018,04/02/25 18:09,34303961,2025-02-04T12:12:47Z,2025-02-11T06:43:01Z,TN/24-25/0002124
13.69037,79.59085,04/02/25 18:29,34303961,2025-02-04T12:12:47Z,2025-02-11T06:43:01Z,TN/24-25/0002124
13.7163,79.64074,04/02/25 17:49,34303961,2025-02-04T12:12:47Z,2025-02-11T06:43:01Z,TN/24-25/0002124
13.71418,79.6357,04/02/25 18:19,34303961,2025-02-04T12:12:47Z,2025-02-11T06:43:01Z,TN/24-25/0002124
13.71582,79.64018,04/02/25 17:59,34303961,2025-02-04T12:12:47Z,2025-02-11T06:43:01Z,TN/24-25/0002124
13.58171,79.51448,04/02/25 18:59,34303961,2025-02-04T12:12:47Z,2025-02-11T06:43:01Z,TN/24-25/0002124
13.53744,79.53902,04/02/25 19:09,34303961,2025-02-04T12:12:47Z,2025-02-11T06:43:01Z,TN/24-25/0002124
13.65262,79.54441,04/02/25 18:39,34303961,2025-02-04T12:12:47Z,2025-02-11T06:43:01Z,TN/24-25/0002124
13.45033,79.5596,04/02/25 19:29,34303961,2025-02-04T12:12:47Z,2025-02-11T06:43:01Z,TN/24-25/0002124
13.62454,79.51444,04/02/25 18:50,34303961,2025-02-04T12:12:47Z,2025-02-11T06:43:01Z,TN/24-25/0002124
13.50657,79.53321,04/02/25 19:19,34303961,2025-02-04T12:12:47Z,2025-02-11T06:43:01Z,TN/24-25/0002124
13.37156,79.54005,04/02/25 19:59,34303961,2025-02-04T12:12:47Z,2025-02-11T06:43:01Z,TN/24-25/0002124
13.43252,79.5611,04/02/25 19:39,34303961,2025-02-04T12:12:47Z,2025-02-11T06:43:01Z,TN/24-25/0002124
13.3525,79.50895,04/02/25 20:09,34303961,2025-02-04T12:12:47Z,2025-02-11T06:43:01Z,TN/24-25/0002124
13.33526,79.47514,04/02/25 20:19,34303961,2025-02-04T12:12:47Z,2025-02-11T06:43:01Z,TN/24-25/0002124
13.33512,79.44056,04/02/25 20:29,34303961,2025-02-04T12:12:47Z,2025-02-11T06:43:01Z,TN/24-25/0002124
13.38271,79.56278,04/02/25 19:49,34303961,2025-02-04T12:12:47Z,2025-02-11T06:43:01Z,TN/24-25/0002124
13.30368,79.4445,04/02/25 20:39,34303961,2025-02-04T12:12:47Z,2025-02-11T06:43:01Z,TN/24-25/0002124
13.26741,79.43858,04/02/25 20:49,34303961,2025-02-04T12:12:47Z,2025-02-11T06:43:01Z,TN/24-25/0002124
13.14973,79.43165,04/02/25 21:19,34303961,2025-02-04T12:12:47Z,2025-02-11T06:43:01Z,TN/24-25/0002124
13.1155,79.42309,04/02/25 21:29,34303961,2025-02-04T12:12:47Z,2025-02-11T06:43:01Z,TN/24-25/0002124
13.24105,79.44005,04/02/25 20:59,34303961,2025-02-04T12:12:47Z,2025-02-11T06:43:01Z,TN/24-25/0002124
13.18457,79.43948,04/02/25 21:09,34303961,2025-02-04T12:12:47Z,2025-02-11T06:43:01Z,TN/24-25/0002124
13.01053,79.39172,04/02/25 22:29,34303961,2025-02-04T12:12:47Z,2025-02-11T06:43:01Z,TN/24-25/0002124
13.03495,79.40048,04/02/25 22:19,34303961,2025-02-04T12:12:47Z,2025-02-11T06:43:01Z,TN/24-25/0002124
13.03937,79.40183,04/02/25 21:59,34303961,2025-02-04T12:12:47Z,2025-02-11T06:43:01Z,TN/24-25/0002124
13.03495,79.40048,04/02/25 22:01,34303961,2025-02-04T12:12:47Z,2025-02-11T06:43:01Z,TN/24-25/0002124
13.11237,79.42031,04/02/25 21:39,34303961,2025-02-04T12:12:47Z,2025-02-11T06:43:01Z,TN/24-25/0002124
13.08789,79.40439,04/02/25 21:49,34303961,2025-02-04T12:12:47Z,2025-02-11T06:43:01Z,TN/24-25/0002124
12.97865,79.38242,04/02/25 23:19,34303961,2025-02-04T12:12:47Z,2025-02-11T06:43:01Z,TN/24-25/0002124
12.9369,79.36539,04/02/25 23:29,34303961,2025-02-04T12:12:47Z,2025-02-11T06:43:01Z,TN/24-25/0002124
13.01053,79.39172,04/02/25 23:09,34303961,2025-02-04T12:12:47Z,2025-02-11T06:43:01Z,TN/24-25/0002124
13.01053,79.39172,04/02/25 22:49,34303961,2025-02-04T12:12:47Z,2025-02-11T06:43:01Z,TN/24-25/0002124
13.01053,79.39172,04/02/25 22:39,34303961,2025-02-04T12:12:47Z,2025-02-11T06:43:01Z,TN/24-25/0002124
13.01053,79.39172,04/02/25 22:59,34303961,2025-02-04T12:12:47Z,2025-02-11T06:43:01Z,TN/24-25/0002124
12.84929,79.31218,05/02/25 0:09,34303961,2025-02-04T12:12:47Z,2025-02-11T06:43:01Z,TN/24-25/0002124
12.80858,79.30879,05/02/25 0:19,34303961,2025-02-04T12:12:47Z,2025-02-11T06:43:01Z,TN/24-25/0002124
12.75711,79.3079,05/02/25 0:29,34303961,2025-02-04T12:12:47Z,2025-02-11T06:43:01Z,TN/24-25/0002124
12.92523,79.35735,04/02/25 23:39,34303961,2025-02-04T12:12:47Z,2025-02-11T06:43:01Z,TN/24-25/0002124
12.8913,79.31923,04/02/25 23:59,34303961,2025-02-04T12:12:47Z,2025-02-11T06:43:01Z,TN/24-25/0002124
12.921,79.3309,04/02/25 23:49,34303961,2025-02-04T12:12:47Z,2025-02-11T06:43:01Z,TN/24-25/0002124
12.67183,79.26831,05/02/25 1:09,34303961,2025-02-04T12:12:47Z,2025-02-11T06:43:01Z,TN/24-25/0002124
12.69144,79.28488,05/02/25 0:49,34303961,2025-02-04T12:12:47Z,2025-02-11T06:43:01Z,TN/24-25/0002124
12.71082,79.29927,05/02/25 0:39,34303961,2025-02-04T12:12:47Z,2025-02-11T06:43:01Z,TN/24-25/0002124
12.64086,79.23364,05/02/25 1:19,34303961,2025-02-04T12:12:47Z,2025-02-11T06:43:01Z,TN/24-25/0002124
12.60489,79.19563,05/02/25 1:29,34303961,2025-02-04T12:12:47Z,2025-02-11T06:43:01Z,TN/24-25/0002124
12.68572,79.2766,05/02/25 0:59,34303961,2025-02-04T12:12:47Z,2025-02-11T06:43:01Z,TN/24-25/0002124
12.45148,79.06285,05/02/25 2:19,34303961,2025-02-04T12:12:47Z,2025-02-11T06:43:01Z,TN/24-25/0002124
12.5094,79.13979,05/02/25 1:49,34303961,2025-02-04T12:12:47Z,2025-02-11T06:43:01Z,TN/24-25/0002124
12.56368,79.16401,05/02/25 1:39,34303961,2025-02-04T12:12:47Z,2025-02-11T06:43:01Z,TN/24-25/0002124
12.48232,79.09824,05/02/25 2:09,34303961,2025-02-04T12:12:47Z,2025-02-11T06:43:01Z,TN/24-25/0002124
12.4408,79.01987,05/02/25 2:29,34303961,2025-02-04T12:12:47Z,2025-02-11T06:43:01Z,TN/24-25/0002124
12.48762,79.1235,05/02/25 1:59,34303961,2025-02-04T12:12:47Z,2025-02-11T06:43:01Z,TN/24-25/0002124
12.32202,78.80601,05/02/25 3:29,34303961,2025-02-04T12:12:47Z,2025-02-11T06:43:01Z,TN/24-25/0002124
12.38991,78.95605,05/02/25 2:49,34303961,2025-02-04T12:12:47Z,2025-02-11T06:43:01Z,TN/24-25/0002124
12.41828,78.99121,05/02/25 2:37,34303961,2025-02-04T12:12:47Z,2025-02-11T06:43:01Z,TN/24-25/0002124
12.36511,78.92348,05/02/25 2:59,34303961,2025-02-04T12:12:47Z,2025-02-11T06:43:01Z,TN/24-25/0002124
12.33968,78.83977,05/02/25 3:19,34303961,2025-02-04T12:12:47Z,2025-02-11T06:43:01Z,TN/24-25/0002124
12.35771,78.87831,05/02/25 3:09,34303961,2025-02-04T12:12:47Z,2025-02-11T06:43:01Z,TN/24-25/0002124
12.25714,78.65239,05/02/25 4:19,34303961,2025-02-04T12:12:47Z,2025-02-11T06:43:01Z,TN/24-25/0002124
12.28208,78.74751,05/02/25 3:59,34303961,2025-02-04T12:12:47Z,2025-02-11T06:43:01Z,TN/24-25/0002124
12.25379,78.60072,05/02/25 4:29,34303961,2025-02-04T12:12:47Z,2025-02-11T06:43:01Z,TN/24-25/0002124
12.3034,78.79272,05/02/25 3:39,34303961,2025-02-04T12:12:47Z,2025-02-11T06:43:01Z,TN/24-25/0002124
12.26402,78.70348,05/02/25 4:09,34303961,2025-02-04T12:12:47Z,2025-02-11T06:43:01Z,TN/24-25/0002124
12.29633,78.78551,05/02/25 3:49,34303961,2025-02-04T12:12:47Z,2025-02-11T06:43:01Z,TN/24-25/0002124
12.26473,78.54969,05/02/25 4:39,34303961,2025-02-04T12:12:47Z,2025-02-11T06:43:01Z,TN/24-25/0002124
12.09617,78.48338,05/02/25 5:19,34303961,2025-02-04T12:12:47Z,2025-02-11T06:43:01Z,TN/24-25/0002124
12.18684,78.54922,05/02/25 4:59,34303961,2025-02-04T12:12:47Z,2025-02-11T06:43:01Z,TN/24-25/0002124
12.05193,78.47499,05/02/25 5:29,34303961,2025-02-04T12:12:47Z,2025-02-11T06:43:01Z,TN/24-25/0002124
12.14515,78.51651,05/02/25 5:09,34303961,2025-02-04T12:12:47Z,2025-02-11T06:43:01Z,TN/24-25/0002124
12.24708,78.53698,05/02/25 4:49,34303961,2025-02-04T12:12:47Z,2025-02-11T06:43:01Z,TN/24-25/0002124
13.87577,79.87806,04/02/25 12:29,34303961,2025-02-04T12:12:47Z,2025-02-11T06:43:01Z,TN/24-25/0002124
13.87577,79.87806,04/02/25 12:19,34303961,2025-02-04T12:12:47Z,2025-02-11T06:43:01Z,TN/24-25/0002124
13.87577,79.87806,04/02/25 12:50,34303961,2025-02-04T12:12:47Z,2025-02-11T06:43:01Z,TN/24-25/0002124
13.87573,79.87913,04/02/25 13:09,34303961,2025-02-04T12:12:47Z,2025-02-11T06:43:01Z,TN/24-25/0002124
13.87481,79.87898,04/02/25 12:59,34303961,2025-02-04T12:12:47Z,2025-02-11T06:43:01Z,TN/24-25/0002124
13.8782,79.8798,04/02/25 13:19,34303961,2025-02-04T12:12:47Z,2025-02-11T06:43:01Z,TN/24-25/0002124
13.8782,79.8798,04/02/25 13:29,34303961,2025-02-04T12:12:47Z,2025-02-11T06:43:01Z,TN/24-25/0002124
13.87577,79.87806,04/02/25 12:39,34303961,2025-02-04T12:12:47Z,2025-02-11T06:43:01Z,TN/24-25/0002124
13.78952,79.75355,04/02/25 14:09,34303961,2025-02-04T12:12:47Z,2025-02-11T06:43:01Z,TN/24-25/0002124
13.88435,79.87461,04/02/25 13:39,34303961,2025-02-04T12:12:47Z,2025-02-11T06:43:01Z,TN/24-25/0002124
13.76785,79.72099,04/02/25 14:19,34303961,2025-02-04T12:12:47Z,2025-02-11T06:43:01Z,TN/24-25/0002124
13.80754,79.7764,04/02/25 13:59,34303961,2025-02-04T12:12:47Z,2025-02-11T06:43:01Z,TN/24-25/0002124
13.73673,79.67107,04/02/25 14:29,34303961,2025-02-04T12:12:47Z,2025-02-11T06:43:01Z,TN/24-25/0002124
13.85363,79.82812,04/02/25 13:49,34303961,2025-02-04T12:12:47Z,2025-02-11T06:43:01Z,TN/24-25/0002124
13.71834,79.64602,04/02/25 14:39,34303961,2025-02-04T12:12:47Z,2025-02-11T06:43:01Z,TN/24-25/0002124
13.71834,79.64602,04/02/25 14:49,34303961,2025-02-04T12:12:47Z,2025-02-11T06:43:01Z,TN/24-25/0002124
13.71627,79.64061,04/02/25 14:59,34303961,2025-02-04T12:12:47Z,2025-02-11T06:43:01Z,TN/24-25/0002124
13.71622,79.64051,04/02/25 15:08,34303961,2025-02-04T12:12:47Z,2025-02-11T06:43:01Z,TN/24-25/0002124
13.7163,79.64074,04/02/25 15:29,34303961,2025-02-04T12:12:47Z,2025-02-11T06:43:01Z,TN/24-25/0002124
12.02249,78.46493,05/02/25 5:39,34303961,2025-02-04T12:12:47Z,2025-02-11T06:43:01Z,TN/24-25/0002124
11.97467,78.43253,05/02/25 6:09,34303961,2025-02-04T12:12:47Z,2025-02-11T06:43:01Z,TN/24-25/0002124
11.96841,78.42664,05/02/25 6:19,34303961,2025-02-04T12:12:47Z,2025-02-11T06:43:01Z,TN/24-25/0002124
12.01942,78.46144,05/02/25 5:49,34303961,2025-02-04T12:12:47Z,2025-02-11T06:43:01Z,TN/24-25/0002124
11.97467,78.43253,05/02/25 5:59,34303961,2025-02-04T12:12:47Z,2025-02-11T06:43:01Z,TN/24-25/0002124
11.96841,78.42664,05/02/25 6:28,34303961,2025-02-04T12:12:47Z,2025-02-11T06:43:01Z,TN/24-25/0002124
11.96841,78.42664,05/02/25 7:08,34303961,2025-02-04T12:12:47Z,2025-02-11T06:43:01Z,TN/24-25/0002124
11.96841,78.42664,05/02/25 7:18,34303961,2025-02-04T12:12:47Z,2025-02-11T06:43:01Z,TN/24-25/0002124
11.96841,78.42664,05/02/25 6:38,34303961,2025-02-04T12:12:47Z,2025-02-11T06:43:01Z,TN/24-25/0002124
11.96841,78.42664,05/02/25 6:58,34303961,2025-02-04T12:12:47Z,2025-02-11T06:43:01Z,TN/24-25/0002124
11.96841,78.42664,05/02/25 6:48,34303961,2025-02-04T12:12:47Z,2025-02-11T06:43:01Z,TN/24-25/0002124
11.96841,78.42664,05/02/25 7:29,34303961,2025-02-04T12:12:47Z,2025-02-11T06:43:01Z,TN/24-25/0002124
11.35909,77.64602,05/02/25 15:49,34303961,2025-02-04T12:12:47Z,2025-02-11T06:43:01Z,TN/24-25/0002124
11.35909,77.64602,05/02/25 15:39,34303961,2025-02-04T12:12:47Z,2025-02-11T06:43:01Z,TN/24-25/0002124
11.35909,77.64602,05/02/25 16:19,34303961,2025-02-04T12:12:47Z,2025-02-11T06:43:01Z,TN/24-25/0002124
11.35909,77.64602,05/02/25 16:09,34303961,2025-02-04T12:12:47Z,2025-02-11T06:43:01Z,TN/24-25/0002124
11.35909,77.64602,05/02/25 15:59,34303961,2025-02-04T12:12:47Z,2025-02-11T06:43:01Z,TN/24-25/0002124
11.36745,77.64803,05/02/25 16:59,34303961,2025-02-04T12:12:47Z,2025-02-11T06:43:01Z,TN/24-25/0002124
11.36745,77.64803,05/02/25 17:09,34303961,2025-02-04T12:12:47Z,2025-02-11T06:43:01Z,TN/24-25/0002124
11.36745,77.64803,05/02/25 17:19,34303961,2025-02-04T12:12:47Z,2025-02-11T06:43:01Z,TN/24-25/0002124
11.36745,77.64803,05/02/25 16:49,34303961,2025-02-04T12:12:47Z,2025-02-11T06:43:01Z,TN/24-25/0002124
11.36691,77.64769,05/02/25 16:39,34303961,2025-02-04T12:12:47Z,2025-02-11T06:43:01Z,TN/24-25/0002124
11.36745,77.64803,05/02/25 17:29,34303961,2025-02-04T12:12:47Z,2025-02-11T06:43:01Z,TN/24-25/0002124
11.36745,77.64803,05/02/25 17:39,34303961,2025-02-04T12:12:47Z,2025-02-11T06:43:01Z,TN/24-25/0002124
11.36745,77.64803,05/02/25 18:09,34303961,2025-02-04T12:12:47Z,2025-02-11T06:43:01Z,TN/24-25/0002124
11.36745,77.64803,05/02/25 17:59,34303961,2025-02-04T12:12:47Z,2025-02-11T06:43:01Z,TN/24-25/0002124
11.36745,77.64803,05/02/25 18:29,34303961,2025-02-04T12:12:47Z,2025-02-11T06:43:01Z,TN/24-25/0002124
11.36745,77.64803,05/02/25 18:19,34303961,2025-02-04T12:12:47Z,2025-02-11T06:43:01Z,TN/24-25/0002124
11.36745,77.64803,05/02/25 17:49,34303961,2025-02-04T12:12:47Z,2025-02-11T06:43:01Z,TN/24-25/0002124
11.36721,77.64775,05/02/25 19:29,34303961,2025-02-04T12:12:47Z,2025-02-11T06:43:01Z,TN/24-25/0002124
11.36745,77.64803,05/02/25 19:09,34303961,2025-02-04T12:12:47Z,2025-02-11T06:43:01Z,TN/24-25/0002124
11.36745,77.64803,05/02/25 18:59,34303961,2025-02-04T12:12:47Z,2025-02-11T06:43:01Z,TN/24-25/0002124
11.36745,77.64803,05/02/25 19:19,34303961,2025-02-04T12:12:47Z,2025-02-11T06:43:01Z,TN/24-25/0002124
11.36745,77.64803,05/02/25 18:39,34303961,2025-02-04T12:12:47Z,2025-02-11T06:43:01Z,TN/24-25/0002124
11.36745,77.64803,05/02/25 18:49,34303961,2025-02-04T12:12:47Z,2025-02-11T06:43:01Z,TN/24-25/0002124
11.36721,77.64775,05/02/25 19:49,34303961,2025-02-04T12:12:47Z,2025-02-11T06:43:01Z,TN/24-25/0002124
11.36721,77.64775,05/02/25 20:19,34303961,2025-02-04T12:12:47Z,2025-02-11T06:43:01Z,TN/24-25/0002124
11.36721,77.64775,05/02/25 19:39,34303961,2025-02-04T12:12:47Z,2025-02-11T06:43:01Z,TN/24-25/0002124
11.36721,77.64775,05/02/25 19:59,34303961,2025-02-04T12:12:47Z,2025-02-11T06:43:01Z,TN/24-25/0002124
11.36721,77.64775,05/02/25 20:09,34303961,2025-02-04T12:12:47Z,2025-02-11T06:43:01Z,TN/24-25/0002124
11.36721,77.64775,05/02/25 20:29,34303961,2025-02-04T12:12:47Z,2025-02-11T06:43:01Z,TN/24-25/0002124
11.36721,77.64775,05/02/25 20:49,34303961,2025-02-04T12:12:47Z,2025-02-11T06:43:01Z,TN/24-25/0002124
11.36721,77.64775,05/02/25 21:09,34303961,2025-02-04T12:12:47Z,2025-02-11T06:43:01Z,TN/24-25/0002124
11.36721,77.64775,05/02/25 21:19,34303961,2025-02-04T12:12:47Z,2025-02-11T06:43:01Z,TN/24-25/0002124
11.36721,77.64775,05/02/25 21:29,34303961,2025-02-04T12:12:47Z,2025-02-11T06:43:01Z,TN/24-25/0002124
11.36721,77.64775,05/02/25 20:39,34303961,2025-02-04T12:12:47Z,2025-02-11T06:43:01Z,TN/24-25/0002124
11.36721,77.64775,05/02/25 20:59,34303961,2025-02-04T12:12:47Z,2025-02-11T06:43:01Z,TN/24-25/0002124
11.36721,77.64775,05/02/25 22:29,34303961,2025-02-04T12:12:47Z,2025-02-11T06:43:01Z,TN/24-25/0002124
11.36721,77.64775,05/02/25 22:09,34303961,2025-02-04T12:12:47Z,2025-02-11T06:43:01Z,TN/24-25/0002124
11.36721,77.64775,05/02/25 21:39,34303961,2025-02-04T12:12:47Z,2025-02-11T06:43:01Z,TN/24-25/0002124
11.36721,77.64775,05/02/25 21:49,34303961,2025-02-04T12:12:47Z,2025-02-11T06:43:01Z,TN/24-25/0002124
11.36721,77.64775,05/02/25 22:18,34303961,2025-02-04T12:12:47Z,2025-02-11T06:43:01Z,TN/24-25/0002124
11.36721,77.64775,05/02/25 22:59,34303961,2025-02-04T12:12:47Z,2025-02-11T06:43:01Z,TN/24-25/0002124
11.36721,77.64775,05/02/25 23:19,34303961,2025-02-04T12:12:47Z,2025-02-11T06:43:01Z,TN/24-25/0002124
11.32973,77.62972,05/02/25 23:29,34303961,2025-02-04T12:12:47Z,2025-02-11T06:43:01Z,TN/24-25/0002124
11.36721,77.64775,05/02/25 22:49,34303961,2025-02-04T12:12:47Z,2025-02-11T06:43:01Z,TN/24-25/0002124
11.36721,77.64775,05/02/25 23:09,34303961,2025-02-04T12:12:47Z,2025-02-11T06:43:01Z,TN/24-25/0002124
11.19913,77.40701,06/02/25 0:29,34303961,2025-02-04T12:12:47Z,2025-02-11T06:43:01Z,TN/24-25/0002124
11.24467,77.51778,06/02/25 0:09,34303961,2025-02-04T12:12:47Z,2025-02-11T06:43:01Z,TN/24-25/0002124
11.22396,77.46023,06/02/25 0:19,34303961,2025-02-04T12:12:47Z,2025-02-11T06:43:01Z,TN/24-25/0002124
11.28589,77.5603,05/02/25 23:49,34303961,2025-02-04T12:12:47Z,2025-02-11T06:43:01Z,TN/24-25/0002124
11.24817,77.52892,05/02/25 23:59,34303961,2025-02-04T12:12:47Z,2025-02-11T06:43:01Z,TN/24-25/0002124
11.29492,77.59311,05/02/25 23:39,34303961,2025-02-04T12:12:47Z,2025-02-11T06:43:01Z,TN/24-25/0002124
11.17458,77.23855,06/02/25 0:59,34303961,2025-02-04T12:12:47Z,2025-02-11T06:43:01Z,TN/24-25/0002124
11.13121,77.19883,06/02/25 1:09,34303961,2025-02-04T12:12:47Z,2025-02-11T06:43:01Z,TN/24-25/0002124
11.09432,77.15039,06/02/25 1:29,34303961,2025-02-04T12:12:47Z,2025-02-11T06:43:01Z,TN/24-25/0002124
11.21591,77.34797,06/02/25 0:39,34303961,2025-02-04T12:12:47Z,2025-02-11T06:43:01Z,TN/24-25/0002124
11.09544,77.15244,06/02/25 1:19,34303961,2025-02-04T12:12:47Z,2025-02-11T06:43:01Z,TN/24-25/0002124
11.18979,77.28859,06/02/25 0:49,34303961,2025-02-04T12:12:47Z,2025-02-11T06:43:01Z,TN/24-25/0002124
11.96841,78.42664,05/02/25 7:50,34303961,2025-02-04T12:12:47Z,2025-02-11T06:43:01Z,TN/24-25/0002124
11.96841,78.42664,05/02/25 7:39,34303961,2025-02-04T12:12:47Z,2025-02-11T06:43:01Z,TN/24-25/0002124
11.96841,78.42664,05/02/25 8:29,34303961,2025-02-04T12:12:47Z,2025-02-11T06:43:01Z,TN/24-25/0002124
11.96841,78.42664,05/02/25 7:59,34303961,2025-02-04T12:12:47Z,2025-02-11T06:43:01Z,TN/24-25/0002124
11.96841,78.42664,05/02/25 8:19,34303961,2025-02-04T12:12:47Z,2025-02-11T06:43:01Z,TN/24-25/0002124
11.96841,78.42664,05/02/25 8:09,34303961,2025-02-04T12:12:47Z,2025-02-11T06:43:01Z,TN/24-25/0002124
11.09432,77.15039,06/02/25 2:09,34303961,2025-02-04T12:12:47Z,2025-02-11T06:43:01Z,TN/24-25/0002124
11.09432,77.15039,06/02/25 1:59,34303961,2025-02-04T12:12:47Z,2025-02-11T06:43:01Z,TN/24-25/0002124
11.09432,77.15039,06/02/25 1:49,34303961,2025-02-04T12:12:47Z,2025-02-11T06:43:01Z,TN/24-25/0002124
11.09432,77.15039,06/02/25 2:19,34303961,2025-02-04T12:12:47Z,2025-02-11T06:43:01Z,TN/24-25/0002124
11.09432,77.15039,06/02/25 1:39,34303961,2025-02-04T12:12:47Z,2025-02-11T06:43:01Z,TN/24-25/0002124
11.09432,77.15039,06/02/25 2:29,34303961,2025-02-04T12:12:47Z,2025-02-11T06:43:01Z,TN/24-25/0002124
11.09432,77.15039,06/02/25 2:49,34303961,2025-02-04T12:12:47Z,2025-02-11T06:43:01Z,TN/24-25/0002124
11.09432,77.15039,06/02/25 3:19,34303961,2025-02-04T12:12:47Z,2025-02-11T06:43:01Z,TN/24-25/0002124
11.09432,77.15039,06/02/25 2:39,34303961,2025-02-04T12:12:47Z,2025-02-11T06:43:01Z,TN/24-25/0002124
11.09432,77.15039,06/02/25 3:29,34303961,2025-02-04T12:12:47Z,2025-02-11T06:43:01Z,TN/24-25/0002124
11.09432,77.15039,06/02/25 3:09,34303961,2025-02-04T12:12:47Z,2025-02-11T06:43:01Z,TN/24-25/0002124
11.09432,77.15039,06/02/25 2:59,34303961,2025-02-04T12:12:47Z,2025-02-11T06:43:01Z,TN/24-25/0002124
11.09432,77.15039,06/02/25 3:39,34303961,2025-02-04T12:12:47Z,2025-02-11T06:43:01Z,TN/24-25/0002124
11.09432,77.15039,06/02/25 4:19,34303961,2025-02-04T12:12:47Z,2025-02-11T06:43:01Z,TN/24-25/0002124
11.09432,77.15039,06/02/25 4:09,34303961,2025-02-04T12:12:47Z,2025-02-11T06:43:01Z,TN/24-25/0002124
11.09432,77.15039,06/02/25 3:49,34303961,2025-02-04T12:12:47Z,2025-02-11T06:43:01Z,TN/24-25/0002124
11.09432,77.15039,06/02/25 4:29,34303961,2025-02-04T12:12:47Z,2025-02-11T06:43:01Z,TN/24-25/0002124
11.09432,77.15039,06/02/25 3:59,34303961,2025-02-04T12:12:47Z,2025-02-11T06:43:01Z,TN/24-25/0002124
11.09432,77.15039,06/02/25 4:49,34303961,2025-02-04T12:12:47Z,2025-02-11T06:43:01Z,TN/24-25/0002124
11.09432,77.15039,06/02/25 5:29,34303961,2025-02-04T12:12:47Z,2025-02-11T06:43:01Z,TN/24-25/0002124
11.09432,77.15039,06/02/25 5:09,34303961,2025-02-04T12:12:47Z,2025-02-11T06:43:01Z,TN/24-25/0002124
11.09432,77.15039,06/02/25 5:19,34303961,2025-02-04T12:12:47Z,2025-02-11T06:43:01Z,TN/24-25/0002124
11.09432,77.15039,06/02/25 4:39,34303961,2025-02-04T12:12:47Z,2025-02-11T06:43:01Z,TN/24-25/0002124
11.86205,78.36533,05/02/25 9:25,34303961,2025-02-04T12:12:47Z,2025-02-11T06:43:01Z,TN/24-25/0002124
11.93805,78.40352,05/02/25 8:39,34303961,2025-02-04T12:12:47Z,2025-02-11T06:43:01Z,TN/24-25/0002124
11.87569,78.36793,05/02/25 9:19,34303961,2025-02-04T12:12:47Z,2025-02-11T06:43:01Z,TN/24-25/0002124
11.8889,78.37651,05/02/25 9:09,34303961,2025-02-04T12:12:47Z,2025-02-11T06:43:01Z,TN/24-25/0002124
11.88901,78.37661,05/02/25 8:49,34303961,2025-02-04T12:12:47Z,2025-02-11T06:43:01Z,TN/24-25/0002124
11.8889,78.37651,05/02/25 8:59,34303961,2025-02-04T12:12:47Z,2025-02-11T06:43:01Z,TN/24-25/0002124
11.7353,78.27292,05/02/25 10:29,34303961,2025-02-04T12:12:47Z,2025-02-11T06:43:01Z,TN/24-25/0002124
11.63027,78.16665,05/02/25 11:29,34303961,2025-02-04T12:12:47Z,2025-02-11T06:43:01Z,TN/24-25/0002124
11.66543,78.21025,05/02/25 10:59,34303961,2025-02-04T12:12:47Z,2025-02-11T06:43:01Z,TN/24-25/0002124
11.65612,78.20213,05/02/25 11:19,34303961,2025-02-04T12:12:47Z,2025-02-11T06:43:01Z,TN/24-25/0002124
11.66543,78.21025,05/02/25 11:09,34303961,2025-02-04T12:12:47Z,2025-02-11T06:43:01Z,TN/24-25/0002124
11.67052,78.2279,05/02/25 10:49,34303961,2025-02-04T12:12:47Z,2025-02-11T06:43:01Z,TN/24-25/0002124
11.72479,78.26832,05/02/25 10:31,34303961,2025-02-04T12:12:47Z,2025-02-11T06:43:01Z,TN/24-25/0002124
11.59796,78.0873,05/02/25 11:49,34303961,2025-02-04T12:12:47Z,2025-02-11T06:43:01Z,TN/24-25/0002124
11.56821,78.03159,05/02/25 11:59,34303961,2025-02-04T12:12:47Z,2025-02-11T06:43:01Z,TN/24-25/0002124
11.53593,77.96377,05/02/25 12:09,34303961,2025-02-04T12:12:47Z,2025-02-11T06:43:01Z,TN/24-25/0002124
11.51278,77.92353,05/02/25 12:29,34303961,2025-02-04T12:12:47Z,2025-02-11T06:43:01Z,TN/24-25/0002124
11.63625,78.12255,05/02/25 11:39,34303961,2025-02-04T12:12:47Z,2025-02-11T06:43:01Z,TN/24-25/0002124
11.51532,77.92664,05/02/25 12:19,34303961,2025-02-04T12:12:47Z,2025-02-11T06:43:01Z,TN/24-25/0002124
11.49832,77.90816,05/02/25 12:59,34303961,2025-02-04T12:12:47Z,2025-02-11T06:43:01Z,TN/24-25/0002124
11.51241,77.92288,05/02/25 12:38,34303961,2025-02-04T12:12:47Z,2025-02-11T06:43:01Z,TN/24-25/0002124
11.45398,77.79077,05/02/25 13:19,34303961,2025-02-04T12:12:47Z,2025-02-11T06:43:01Z,TN/24-25/0002124
11.48964,77.85053,05/02/25 13:09,34303961,2025-02-04T12:12:47Z,2025-02-11T06:43:01Z,TN/24-25/0002124
11.44463,77.72161,05/02/25 13:29,34303961,2025-02-04T12:12:47Z,2025-02-11T06:43:01Z,TN/24-25/0002124
11.51241,77.92288,05/02/25 12:49,34303961,2025-02-04T12:12:47Z,2025-02-11T06:43:01Z,TN/24-25/0002124
11.40542,77.65859,05/02/25 14:09,34303961,2025-02-04T12:12:47Z,2025-02-11T06:43:01Z,TN/24-25/0002124
11.43121,77.67667,05/02/25 13:39,34303961,2025-02-04T12:12:47Z,2025-02-11T06:43:01Z,TN/24-25/0002124
11.3593,77.6461,05/02/25 14:29,34303961,2025-02-04T12:12:47Z,2025-02-11T06:43:01Z,TN/24-25/0002124
11.40542,77.65859,05/02/25 13:49,34303961,2025-02-04T12:12:47Z,2025-02-11T06:43:01Z,TN/24-25/0002124
11.40542,77.65859,05/02/25 13:59,34303961,2025-02-04T12:12:47Z,2025-02-11T06:43:01Z,TN/24-25/0002124
11.37798,77.65268,05/02/25 14:19,34303961,2025-02-04T12:12:47Z,2025-02-11T06:43:01Z,TN/24-25/0002124
11.35909,77.64602,05/02/25 14:59,34303961,2025-02-04T12:12:47Z,2025-02-11T06:43:01Z,TN/24-25/0002124
11.35909,77.64602,05/02/25 14:49,34303961,2025-02-04T12:12:47Z,2025-02-11T06:43:01Z,TN/24-25/0002124
11.35909,77.64602,05/02/25 15:29,34303961,2025-02-04T12:12:47Z,2025-02-11T06:43:01Z,TN/24-25/0002124
11.35909,77.64602,05/02/25 14:39,34303961,2025-02-04T12:12:47Z,2025-02-11T06:43:01Z,TN/24-25/0002124
11.35909,77.64602,05/02/25 15:09,34303961,2025-02-04T12:12:47Z,2025-02-11T06:43:01Z,TN/24-25/0002124
11.35909,77.64602,05/02/25 15:19,34303961,2025-02-04T12:12:47Z,2025-02-11T06:43:01Z,TN/24-25/0002124
10.9787,77.04495,06/02/25 6:29,34303961,2025-02-04T12:12:47Z,2025-02-11T06:43:01Z,TN/24-25/0002124
11.04866,77.07866,06/02/25 6:09,34303961,2025-02-04T12:12:47Z,2025-02-11T06:43:01Z,TN/24-25/0002124
11.0655,77.09557,06/02/25 5:49,34303961,2025-02-04T12:12:47Z,2025-02-11T06:43:01Z,TN/24-25/0002124
11.0569,77.08456,06/02/25 5:59,34303961,2025-02-04T12:12:47Z,2025-02-11T06:43:01Z,TN/24-25/0002124
11.09324,77.14638,06/02/25 5:39,34303961,2025-02-04T12:12:47Z,2025-02-11T06:43:01Z,TN/24-25/0002124
11.00957,77.07162,06/02/25 6:19,34303961,2025-02-04T12:12:47Z,2025-02-11T06:43:01Z,TN/24-25/0002124
10.9414,77.00891,06/02/25 6:39,34303961,2025-02-04T12:12:47Z,2025-02-11T06:43:01Z,TN/24-25/0002124
10.88925,76.91971,06/02/25 7:09,34303961,2025-02-04T12:12:47Z,2025-02-11T06:43:01Z,TN/24-25/0002124
10.88841,76.9192,06/02/25 7:19,34303961,2025-02-04T12:12:47Z,2025-02-11T06:43:01Z,TN/24-25/0002124
10.90394,76.97265,06/02/25 6:49,34303961,2025-02-04T12:12:47Z,2025-02-11T06:43:01Z,TN/24-25/0002124
10.88843,76.9192,06/02/25 7:29,34303961,2025-02-04T12:12:47Z,2025-02-11T06:43:01Z,TN/24-25/0002124
10.89344,76.92764,06/02/25 6:59,34303961,2025-02-04T12:12:47Z,2025-02-11T06:43:01Z,TN/24-25/0002124
10.88843,76.9192,06/02/25 16:29,34303961,2025-02-04T12:12:47Z,2025-02-11T06:43:01Z,TN/24-25/0002124
10.88843,76.9192,06/02/25 16:09,34303961,2025-02-04T12:12:47Z,2025-02-11T06:43:01Z,TN/24-25/0002124
10.88843,76.9192,06/02/25 16:19,34303961,2025-02-04T12:12:47Z,2025-02-11T06:43:01Z,TN/24-25/0002124
10.88843,76.9192,06/02/25 17:29,34303961,2025-02-04T12:12:47Z,2025-02-11T06:43:01Z,TN/24-25/0002124
10.88843,76.9192,06/02/25 17:09,34303961,2025-02-04T12:12:47Z,2025-02-11T06:43:01Z,TN/24-25/0002124
10.88843,76.9192,06/02/25 16:59,34303961,2025-02-04T12:12:47Z,2025-02-11T06:43:01Z,TN/24-25/0002124
10.88843,76.9192,06/02/25 17:19,34303961,2025-02-04T12:12:47Z,2025-02-11T06:43:01Z,TN/24-25/0002124
10.88843,76.9192,06/02/25 16:39,34303961,2025-02-04T12:12:47Z,2025-02-11T06:43:01Z,TN/24-25/0002124
10.88843,76.9192,06/02/25 16:49,34303961,2025-02-04T12:12:47Z,2025-02-11T06:43:01Z,TN/24-25/0002124
10.88843,76.9192,06/02/25 18:19,34303961,2025-02-04T12:12:47Z,2025-02-11T06:43:01Z,TN/24-25/0002124
10.88843,76.9192,06/02/25 17:59,34303961,2025-02-04T12:12:47Z,2025-02-11T06:43:01Z,TN/24-25/0002124
10.88843,76.9192,06/02/25 17:49,34303961,2025-02-04T12:12:47Z,2025-02-11T06:43:01Z,TN/24-25/0002124
10.88843,76.9192,06/02/25 18:29,34303961,2025-02-04T12:12:47Z,2025-02-11T06:43:01Z,TN/24-25/0002124
10.88843,76.9192,06/02/25 18:09,34303961,2025-02-04T12:12:47Z,2025-02-11T06:43:01Z,TN/24-25/0002124
10.88843,76.9192,06/02/25 17:39,34303961,2025-02-04T12:12:47Z,2025-02-11T06:43:01Z,TN/24-25/0002124
10.88843,76.9192,06/02/25 19:09,34303961,2025-02-04T12:12:47Z,2025-02-11T06:43:01Z,TN/24-25/0002124
10.88843,76.9192,06/02/25 19:29,34303961,2025-02-04T12:12:47Z,2025-02-11T06:43:01Z,TN/24-25/0002124
10.88843,76.9192,06/02/25 18:59,34303961,2025-02-04T12:12:47Z,2025-02-11T06:43:01Z,TN/24-25/0002124
10.88843,76.9192,06/02/25 18:49,34303961,2025-02-04T12:12:47Z,2025-02-11T06:43:01Z,TN/24-25/0002124
10.88843,76.9192,06/02/25 19:19,34303961,2025-02-04T12:12:47Z,2025-02-11T06:43:01Z,TN/24-25/0002124
10.88843,76.9192,06/02/25 18:39,34303961,2025-02-04T12:12:47Z,2025-02-11T06:43:01Z,TN/24-25/0002124
10.86258,76.87337,06/02/25 20:29,34303961,2025-02-04T12:12:47Z,2025-02-11T06:43:01Z,TN/24-25/0002124
10.86853,76.88418,06/02/25 20:20,34303961,2025-02-04T12:12:47Z,2025-02-11T06:43:01Z,TN/24-25/0002124
10.88843,76.9192,06/02/25 19:59,34303961,2025-02-04T12:12:47Z,2025-02-11T06:43:01Z,TN/24-25/0002124
10.88843,76.9192,06/02/25 19:39,34303961,2025-02-04T12:12:47Z,2025-02-11T06:43:01Z,TN/24-25/0002124
10.88843,76.9192,06/02/25 20:09,34303961,2025-02-04T12:12:47Z,2025-02-11T06:43:01Z,TN/24-25/0002124
10.88843,76.9192,06/02/25 19:49,34303961,2025-02-04T12:12:47Z,2025-02-11T06:43:01Z,TN/24-25/0002124
10.79666,76.73984,06/02/25 21:09,34303961,2025-02-04T12:12:47Z,2025-02-11T06:43:01Z,TN/24-25/0002124
10.84136,76.83895,06/02/25 20:49,34303961,2025-02-04T12:12:47Z,2025-02-11T06:43:01Z,TN/24-25/0002124
10.80727,76.79093,06/02/25 20:59,34303961,2025-02-04T12:12:47Z,2025-02-11T06:43:01Z,TN/24-25/0002124
10.86258,76.87337,06/02/25 20:39,34303961,2025-02-04T12:12:47Z,2025-02-11T06:43:01Z,TN/24-25/0002124
10.77249,76.68079,06/02/25 21:29,34303961,2025-02-04T12:12:47Z,2025-02-11T06:43:01Z,TN/24-25/0002124
10.7793,76.71265,06/02/25 21:19,34303961,2025-02-04T12:12:47Z,2025-02-11T06:43:01Z,TN/24-25/0002124
10.73905,76.64176,06/02/25 21:39,34303961,2025-02-04T12:12:47Z,2025-02-11T06:43:01Z,TN/24-25/0002124
10.5998,76.48864,06/02/25 22:29,34303961,2025-02-04T12:12:47Z,2025-02-11T06:43:01Z,TN/24-25/0002124
10.63544,76.52012,06/02/25 22:09,34303961,2025-02-04T12:12:47Z,2025-02-11T06:43:01Z,TN/24-25/0002124
10.7125,76.59631,06/02/25 21:49,34303961,2025-02-04T12:12:47Z,2025-02-11T06:43:01Z,TN/24-25/0002124
10.5998,76.48864,06/02/25 22:19,34303961,2025-02-04T12:12:47Z,2025-02-11T06:43:01Z,TN/24-25/0002124
10.65945,76.57126,06/02/25 21:59,34303961,2025-02-04T12:12:47Z,2025-02-11T06:43:01Z,TN/24-25/0002124
10.5901,76.45646,06/02/25 22:49,34303961,2025-02-04T12:12:47Z,2025-02-11T06:43:01Z,TN/24-25/0002124
10.57832,76.41058,06/02/25 22:59,34303961,2025-02-04T12:12:47Z,2025-02-11T06:43:01Z,TN/24-25/0002124
10.54732,76.29836,06/02/25 23:19,34303961,2025-02-04T12:12:47Z,2025-02-11T06:43:01Z,TN/24-25/0002124
10.56219,76.34853,06/02/25 23:09,34303961,2025-02-04T12:12:47Z,2025-02-11T06:43:01Z,TN/24-25/0002124
10.59957,76.48824,06/02/25 22:39,34303961,2025-02-04T12:12:47Z,2025-02-11T06:43:01Z,TN/24-25/0002124
10.51207,76.25855,06/02/25 23:29,34303961,2025-02-04T12:12:47Z,2025-02-11T06:43:01Z,TN/24-25/0002124
10.34699,76.32127,07/02/25 0:19,34303961,2025-02-04T12:12:47Z,2025-02-11T06:43:01Z,TN/24-25/0002124
10.30375,76.33591,07/02/25 0:29,34303961,2025-02-04T12:12:47Z,2025-02-11T06:43:01Z,TN/24-25/0002124
10.43624,76.26547,06/02/25 23:59,34303961,2025-02-04T12:12:47Z,2025-02-11T06:43:01Z,TN/24-25/0002124
10.4683,76.25783,06/02/25 23:39,34303961,2025-02-04T12:12:47Z,2025-02-11T06:43:01Z,TN/24-25/0002124
10.44196,76.26091,06/02/25 23:49,34303961,2025-02-04T12:12:47Z,2025-02-11T06:43:01Z,TN/24-25/0002124
10.38863,76.28854,07/02/25 0:09,34303961,2025-02-04T12:12:47Z,2025-02-11T06:43:01Z,TN/24-25/0002124
10.20641,76.3821,07/02/25 0:59,34303961,2025-02-04T12:12:47Z,2025-02-11T06:43:01Z,TN/24-25/0002124
10.16448,76.43987,07/02/25 1:19,34303961,2025-02-04T12:12:47Z,2025-02-11T06:43:01Z,TN/24-25/0002124
10.13094,76.47049,07/02/25 1:29,34303961,2025-02-04T12:12:47Z,2025-02-11T06:43:01Z,TN/24-25/0002124
10.27357,76.34699,07/02/25 0:39,34303961,2025-02-04T12:12:47Z,2025-02-11T06:43:01Z,TN/24-25/0002124
10.25274,76.36755,07/02/25 0:49,34303961,2025-02-04T12:12:47Z,2025-02-11T06:43:01Z,TN/24-25/0002124
10.18505,76.40119,07/02/25 1:09,34303961,2025-02-04T12:12:47Z,2025-02-11T06:43:01Z,TN/24-25/0002124
10.88843,76.9192,06/02/25 7:39,34303961,2025-02-04T12:12:47Z,2025-02-11T06:43:01Z,TN/24-25/0002124
10.88843,76.9192,06/02/25 8:09,34303961,2025-02-04T12:12:47Z,2025-02-11T06:43:01Z,TN/24-25/0002124
10.88843,76.9192,06/02/25 7:49,34303961,2025-02-04T12:12:47Z,2025-02-11T06:43:01Z,TN/24-25/0002124
10.88843,76.9192,06/02/25 8:29,34303961,2025-02-04T12:12:47Z,2025-02-11T06:43:01Z,TN/24-25/0002124
10.88843,76.9192,06/02/25 7:59,34303961,2025-02-04T12:12:47Z,2025-02-11T06:43:01Z,TN/24-25/0002124
10.88843,76.9192,06/02/25 8:19,34303961,2025-02-04T12:12:47Z,2025-02-11T06:43:01Z,TN/24-25/0002124
10.08931,76.56651,07/02/25 2:19,34303961,2025-02-04T12:12:47Z,2025-02-11T06:43:01Z,TN/24-25/0002124
10.09988,76.5454,07/02/25 2:09,34303961,2025-02-04T12:12:47Z,2025-02-11T06:43:01Z,TN/24-25/0002124
10.10548,76.53622,07/02/25 1:59,34303961,2025-02-04T12:12:47Z,2025-02-11T06:43:01Z,TN/24-25/0002124
10.0699,76.60345,07/02/25 2:29,34303961,2025-02-04T12:12:47Z,2025-02-11T06:43:01Z,TN/24-25/0002124
10.11634,76.49468,07/02/25 1:39,34303961,2025-02-04T12:12:47Z,2025-02-11T06:43:01Z,TN/24-25/0002124
10.11627,76.49512,07/02/25 1:49,34303961,2025-02-04T12:12:47Z,2025-02-11T06:43:01Z,TN/24-25/0002124
10.06838,76.61514,07/02/25 2:39,34303961,2025-02-04T12:12:47Z,2025-02-11T06:43:01Z,TN/24-25/0002124
10.06632,76.62766,07/02/25 2:59,34303961,2025-02-04T12:12:47Z,2025-02-11T06:43:01Z,TN/24-25/0002124
10.06673,76.62769,07/02/25 3:09,34303961,2025-02-04T12:12:47Z,2025-02-11T06:43:01Z,TN/24-25/0002124
10.05823,76.68257,07/02/25 3:29,34303961,2025-02-04T12:12:47Z,2025-02-11T06:43:01Z,TN/24-25/0002124
10.06632,76.62766,07/02/25 2:49,34303961,2025-02-04T12:12:47Z,2025-02-11T06:43:01Z,TN/24-25/0002124
10.05865,76.64751,07/02/25 3:19,34303961,2025-02-04T12:12:47Z,2025-02-11T06:43:01Z,TN/24-25/0002124
10.053,76.76405,07/02/25 3:59,34303961,2025-02-04T12:12:47Z,2025-02-11T06:43:01Z,TN/24-25/0002124
10.05123,76.71414,07/02/25 3:39,34303961,2025-02-04T12:12:47Z,2025-02-11T06:43:01Z,TN/24-25/0002124
10.06549,76.78242,07/02/25 4:21,34303961,2025-02-04T12:12:47Z,2025-02-11T06:43:01Z,TN/24-25/0002124
10.06628,76.77954,07/02/25 4:19,34303961,2025-02-04T12:12:47Z,2025-02-11T06:43:01Z,TN/24-25/0002124
10.0497,76.75731,07/02/25 3:49,34303961,2025-02-04T12:12:47Z,2025-02-11T06:43:01Z,TN/24-25/0002124
10.05735,76.77632,07/02/25 4:09,34303961,2025-02-04T12:12:47Z,2025-02-11T06:43:01Z,TN/24-25/0002124
10.03322,76.86426,07/02/25 5:29,34303961,2025-02-04T12:12:47Z,2025-02-11T06:43:01Z,TN/24-25/0002124
10.05928,76.81151,07/02/25 4:50,34303961,2025-02-04T12:12:47Z,2025-02-11T06:43:01Z,TN/24-25/0002124
10.05813,76.81062,07/02/25 4:48,34303961,2025-02-04T12:12:47Z,2025-02-11T06:43:01Z,TN/24-25/0002124
10.04048,76.84516,07/02/25 5:19,34303961,2025-02-04T12:12:47Z,2025-02-11T06:43:01Z,TN/24-25/0002124
10.88843,76.9192,06/02/25 8:39,34303961,2025-02-04T12:12:47Z,2025-02-11T06:43:01Z,TN/24-25/0002124
10.88843,76.9192,06/02/25 9:09,34303961,2025-02-04T12:12:47Z,2025-02-11T06:43:01Z,TN/24-25/0002124
10.88843,76.9192,06/02/25 9:19,34303961,2025-02-04T12:12:47Z,2025-02-11T06:43:01Z,TN/24-25/0002124
10.88843,76.9192,06/02/25 8:49,34303961,2025-02-04T12:12:47Z,2025-02-11T06:43:01Z,TN/24-25/0002124
10.88843,76.9192,06/02/25 9:29,34303961,2025-02-04T12:12:47Z,2025-02-11T06:43:01Z,TN/24-25/0002124
10.88843,76.9192,06/02/25 8:59,34303961,2025-02-04T12:12:47Z,2025-02-11T06:43:01Z,TN/24-25/0002124
10.88843,76.9192,06/02/25 10:19,34303961,2025-02-04T12:12:47Z,2025-02-11T06:43:01Z,TN/24-25/0002124
10.88843,76.9192,06/02/25 9:49,34303961,2025-02-04T12:12:47Z,2025-02-11T06:43:01Z,TN/24-25/0002124
10.88843,76.9192,06/02/25 9:39,34303961,2025-02-04T12:12:47Z,2025-02-11T06:43:01Z,TN/24-25/0002124
10.88843,76.9192,06/02/25 10:09,34303961,2025-02-04T12:12:47Z,2025-02-11T06:43:01Z,TN/24-25/0002124
10.88843,76.9192,06/02/25 10:29,34303961,2025-02-04T12:12:47Z,2025-02-11T06:43:01Z,TN/24-25/0002124
10.88843,76.9192,06/02/25 9:59,34303961,2025-02-04T12:12:47Z,2025-02-11T06:43:01Z,TN/24-25/0002124
10.88843,76.9192,06/02/25 11:29,34303961,2025-02-04T12:12:47Z,2025-02-11T06:43:01Z,TN/24-25/0002124
10.88843,76.9192,06/02/25 11:09,34303961,2025-02-04T12:12:47Z,2025-02-11T06:43:01Z,TN/24-25/0002124
10.88843,76.9192,06/02/25 10:39,34303961,2025-02-04T12:12:47Z,2025-02-11T06:43:01Z,TN/24-25/0002124
10.88843,76.9192,06/02/25 10:59,34303961,2025-02-04T12:12:47Z,2025-02-11T06:43:01Z,TN/24-25/0002124
10.88843,76.9192,06/02/25 10:49,34303961,2025-02-04T12:12:47Z,2025-02-11T06:43:01Z,TN/24-25/0002124
10.88843,76.9192,06/02/25 11:19,34303961,2025-02-04T12:12:47Z,2025-02-11T06:43:01Z,TN/24-25/0002124
10.88843,76.9192,06/02/25 12:09,34303961,2025-02-04T12:12:47Z,2025-02-11T06:43:01Z,TN/24-25/0002124
10.88843,76.9192,06/02/25 11:59,34303961,2025-02-04T12:12:47Z,2025-02-11T06:43:01Z,TN/24-25/0002124
10.88843,76.9192,06/02/25 11:49,34303961,2025-02-04T12:12:47Z,2025-02-11T06:43:01Z,TN/24-25/0002124
10.88843,76.9192,06/02/25 12:19,34303961,2025-02-04T12:12:47Z,2025-02-11T06:43:01Z,TN/24-25/0002124
10.88843,76.9192,06/02/25 11:39,34303961,2025-02-04T12:12:47Z,2025-02-11T06:43:01Z,TN/24-25/0002124
10.88843,76.9192,06/02/25 12:29,34303961,2025-02-04T12:12:47Z,2025-02-11T06:43:01Z,TN/24-25/0002124
10.88843,76.9192,06/02/25 13:19,34303961,2025-02-04T12:12:47Z,2025-02-11T06:43:01Z,TN/24-25/0002124
10.88843,76.9192,06/02/25 12:39,34303961,2025-02-04T12:12:47Z,2025-02-11T06:43:01Z,TN/24-25/0002124
10.88843,76.9192,06/02/25 13:09,34303961,2025-02-04T12:12:47Z,2025-02-11T06:43:01Z,TN/24-25/0002124
10.88843,76.9192,06/02/25 12:59,34303961,2025-02-04T12:12:47Z,2025-02-11T06:43:01Z,TN/24-25/0002124
10.88843,76.9192,06/02/25 13:29,34303961,2025-02-04T12:12:47Z,2025-02-11T06:43:01Z,TN/24-25/0002124
10.88843,76.9192,06/02/25 12:49,34303961,2025-02-04T12:12:47Z,2025-02-11T06:43:01Z,TN/24-25/0002124
10.88843,76.9192,06/02/25 14:09,34303961,2025-02-04T12:12:47Z,2025-02-11T06:43:01Z,TN/24-25/0002124
10.88843,76.9192,06/02/25 14:29,34303961,2025-02-04T12:12:47Z,2025-02-11T06:43:01Z,TN/24-25/0002124
10.88843,76.9192,06/02/25 14:19,34303961,2025-02-04T12:12:47Z,2025-02-11T06:43:01Z,TN/24-25/0002124
10.88843,76.9192,06/02/25 13:59,34303961,2025-02-04T12:12:47Z,2025-02-11T06:43:01Z,TN/24-25/0002124
10.88843,76.9192,06/02/25 13:49,34303961,2025-02-04T12:12:47Z,2025-02-11T06:43:01Z,TN/24-25/0002124
10.88843,76.9192,06/02/25 13:39,34303961,2025-02-04T12:12:47Z,2025-02-11T06:43:01Z,TN/24-25/0002124
10.88843,76.9192,06/02/25 15:09,34303961,2025-02-04T12:12:47Z,2025-02-11T06:43:01Z,TN/24-25/0002124
10.88843,76.9192,06/02/25 15:09,34303961,2025-02-04T12:12:47Z,2025-02-11T06:43:01Z,TN/24-25/0002124
10.88843,76.9192,06/02/25 15:09,34303961,2025-02-04T12:12:47Z,2025-02-11T06:43:01Z,TN/24-25/0002124
10.88843,76.9192,06/02/25 15:09,34303961,2025-02-04T12:12:47Z,2025-02-11T06:43:01Z,TN/24-25/0002124
10.88843,76.9192,06/02/25 14:59,34303961,2025-02-04T12:12:47Z,2025-02-11T06:43:01Z,TN/24-25/0002124
10.88843,76.9192,06/02/25 14:49,34303961,2025-02-04T12:12:47Z,2025-02-11T06:43:01Z,TN/24-25/0002124
10.88843,76.9192,06/02/25 14:39,34303961,2025-02-04T12:12:47Z,2025-02-11T06:43:01Z,TN/24-25/0002124
10.88843,76.9192,06/02/25 15:08,34303961,2025-02-04T12:12:47Z,2025-02-11T06:43:01Z,TN/24-25/0002124
10.88843,76.9192,06/02/25 15:09,34303961,2025-02-04T12:12:47Z,2025-02-11T06:43:01Z,TN/24-25/0002124
10.01918,76.92472,07/02/25 6:09,34303961,2025-02-04T12:12:47Z,2025-02-11T06:43:01Z,TN/24-25/0002124
10.03011,76.87852,07/02/25 5:39,34303961,2025-02-04T12:12:47Z,2025-02-11T06:43:01Z,TN/24-25/0002124
10.02736,76.88208,07/02/25 5:49,34303961,2025-02-04T12:12:47Z,2025-02-11T06:43:01Z,TN/24-25/0002124
10.02388,76.90787,07/02/25 5:59,34303961,2025-02-04T12:12:47Z,2025-02-11T06:43:01Z,TN/24-25/0002124